<library name="megaLand">
	<prop-group name="Tiles">
		<prop name="Tile 1x1">
				<mesh  file="tile_01.3DS">
					<texture name="Tile Asp 1" diffuse-map="asp_1.jpg" />
					<texture name="Tile Asp 2" diffuse-map="asp_2.jpg" />
					<texture name="Tile Asp 3" diffuse-map="asp_3.jpg" />
					<texture name="Tile Asp 4" diffuse-map="asp_4.jpg" />
					<texture name="Tile Asp 5" diffuse-map="asp_5.jpg" />
					<texture name="Tile Asp 6" diffuse-map="asp_6.jpg" />
					<texture name="Tile Asp 7" diffuse-map="asp_7.jpg" />
					<texture name="Tile Asp 8" diffuse-map="asp_8.jpg" />
					<texture name="Tile Asp 9" diffuse-map="asp_9.jpg" />
					<texture name="Tile Asp 11" diffuse-map="asp_11.jpg" />
					<texture name="Tile Asp 12" diffuse-map="asp_12.jpg" />
					<texture name="Tile Asp 14" diffuse-map="asp_14.jpg" />
					<texture name="Tile Beton 1" diffuse-map="beton_1.jpg" />
					<texture name="Tile Beton 2" diffuse-map="beton_2.jpg" />
					<texture name="Tile Beton 3" diffuse-map="beton_3.jpg" />
					<texture name="Tile Beton 4" diffuse-map="beton_4.jpg" />
					<texture name="Tile Beton 5" diffuse-map="beton_5.jpg" />
					<texture name="Tile Beton 6" diffuse-map="beton_6.jpg" />
					<texture name="Tile Dirt 1" diffuse-map="dirt_1.jpg" />
					<texture name="Tile Dirt 2" diffuse-map="dirt_2.jpg" />
					<texture name="Tile Dirt 3" diffuse-map="dirt_3.jpg" />
					<texture name="Tile Dirt 4" diffuse-map="dirt_4.jpg" />
					<texture name="Tile Dirt 5" diffuse-map="dirt_5.jpg" />
					<texture name="Tile Dirt 8" diffuse-map="dirt_8.jpg" />
					<texture name="Tile Dirt 9" diffuse-map="dirt_9.jpg" />
					<texture name="Tile Road 1" diffuse-map="road_1.jpg" />
					<texture name="Tile Road 2" diffuse-map="road_2.jpg" />
					<texture name="Tile Road 3" diffuse-map="road_3.jpg" />
					<texture name="Tile Road 4" diffuse-map="road_4.jpg" />
					<texture name="Tile Road 6" diffuse-map="road_6.jpg" />
					<texture name="Tile Road 8" diffuse-map="road_8.jpg" />
					<texture name="Tile Road 9" diffuse-map="road_9.jpg" />

					<texture name="Tile Rail 1" diffuse-map="rail_1.jpg" />
					<texture name="Tile Rail 2" diffuse-map="rail_2.jpg" />
					<texture name="Tile Sand 1" diffuse-map="sand_1.jpg" />
					<texture name="Tile Sand 2" diffuse-map="sand_2.jpg" />
					<texture name="Tile Sand 3" diffuse-map="sand_3.jpg" />
					<texture name="Tile Grass A1" diffuse-map="grass_a1.jpg" />
					<texture name="Tile Grass A2" diffuse-map="grass_a2.jpg" />
					<texture name="Tile Grass A3" diffuse-map="grass_a3.jpg" />
					<texture name="Tile Grass A4" diffuse-map="grass_a4.jpg" />
					<texture name="Tile Grass B1" diffuse-map="grass_b1.jpg" />
					<texture name="Tile Grass B2" diffuse-map="grass_b2.jpg" />
					<texture name="Tile Grass B3" diffuse-map="grass_b3.jpg" />
					<texture name="Tile Grass B4" diffuse-map="grass_b4.jpg" />
					<texture name="Tile beton_tube" diffuse-map="beton_tube.jpg" />
					
				</mesh>
		</prop>
		<prop name="Tile 2x2">
				<mesh  file="tile2_2.3DS">
					<texture name="Tile Dirt 7" diffuse-map="dirt_7.jpg" />
					<texture name="Tile Asp 10" diffuse-map="asp_10.jpg" />
					<texture name="Tile Sand 4" diffuse-map="sand_4.jpg" />

				</mesh>
		</prop>
		<prop name="Tile 2x1">
				<mesh  file="tile2_1.3DS">
					<texture name="Tile Dirt 6" diffuse-map="dirt_6.jpg" />
					<texture name="Tile Asp 13" diffuse-map="asp_13.jpg" />

				</mesh>
		</prop>
		<prop name="Tile 3x3">
				<mesh  file="tile3_3.3DS">
					<texture name="Tile Road 7" diffuse-map="road_7.jpg" />
				</mesh>
		</prop>

	</prop-group>
</library>
