{
    "items": [
        {
            "name": "map_2042.xml",
            "libs": [
                "resources/library/buildings_v1.tara?v=2021",
                "resources/library/complex_build_v1.tara?v=2021",
                "resources/library/elements_v1.tara?v=2021",
                "resources/library/land_v1.tara?v=2021"
            ]
        },
        {
            "name": "map_2042_winter.xml",
            "libs": [
                "resources/library/buildings_v1_winter.tara?v=2021",
                "resources/library/complex_build_v1_winter.tara?v=2021",
                "resources/library/elements_v1_winter.tara?v=2021",
                "resources/library/land_v1_winter.tara?v=2021"
            ]
        },
        {
            "name": "map_abyss.xml",
            "libs": [
                "resources/library/buildings_v1.tara?v=2021",
                "resources/library/elements_v1.tara?v=2021",
                "resources/library/land_v1.tara?v=2021"
            ]
        },
        {
            "name": "map_alpha.xml",
            "libs": [
                "resources/library/landscape.tara?v=2021"
            ]
        },
        {
            "name": "map_arena_2.xml",
            "libs": [
                "resources/library/landscape.tara?v=2021"
            ]
        },
        {
            "name": "map_arena.xml",
            "libs": [
                "resources/library/elements_v1.tara?v=2021",
                "resources/library/land_v1.tara?v=2021"
            ]
        },
        {
            "name": "map_arena_space.xml",
            "libs": [
                "resources/library/elements_v1.tara?v=2021",
                "resources/library/land_v1.tara?v=2021"
            ]
        },
        {
            "name": "map_arena_winter.xml",
            "libs": [
                "resources/library/elements_v1_winter.tara?v=2021",
                "resources/library/land_v1_winter.tara?v=2021"
            ]
        },
        {
            "name": "map_astrella.xml",
            "libs": [
                "resources/library/buildings_v1.tara?v=2021",
                "resources/library/elements_v1.tara?v=2021",
                "resources/library/land_v1.tara?v=2021"
            ]
        },
        {
            "name": "map_atra.xml",
            "libs": [
                "resources/library/elements_v1.tara?v=2021",
                "resources/library/land_v1.tara?v=2021"
            ]
        },
        {
            "name": "map_atra_space.xml",
            "libs": [
                "resources/library/elements_v1.tara?v=2021",
                "resources/library/land_v1.tara?v=2021"
            ]
        },
        {
            "name": "map_atra_2.xml",
            "libs": [
                "resources/library/elements_v1.tara?v=2021",
                "resources/library/land_v1.tara?v=2021"
            ]
        },
        {
            "name": "map_atra_2_winter.xml",
            "libs": [
                "resources/library/elements_v1_winter.tara?v=2021",
                "resources/library/land_v1_winter.tara?v=2021"
            ]
        },
        {
            "name": "map_atra_3.xml",
            "libs": [
                "resources/library/elements_v1.tara?v=2021",
                "resources/library/land_v1.tara?v=2021"
            ]
        },
        {
            "name": "map_atra_3_winter.xml",
            "libs": [
                "resources/library/elements_v1_winter.tara?v=2021",
                "resources/library/land_v1_winter.tara?v=2021"
            ]
        },
        {
            "name": "map_atra_winter.xml",
            "libs": [
                "resources/library/elements_v1_winter.tara?v=2021",
                "resources/library/land_v1_winter.tara?v=2021"
            ]
        },
        {
            "name": "map_babylon.xml",
            "libs": [
                "resources/library/builds.tara?v=2021",
                "resources/library/landscape.tara?v=2021"
            ]
        },
        {
            "name": "map_barda.xml",
            "libs": [
                "resources/library/builds.tara?v=2021",
                "resources/library/landscape.tara?v=2021"
            ]
        },
        {
            "name": "map_barda_v2.xml",
            "libs": [
                "resources/library/builds_v2.tara?v=2021",
                "resources/library/landscape_v2.tara?v=2021"
            ]
        },
        {
            "name": "map_barda_winter.xml",
            "libs": [
                "resources/library/builds_winter.tara?v=2021",
                "resources/library/landscape_winter.tara?v=2021"
            ]
        },
        {
            "name": "map_berlin.xml",
            "libs": [
                "resources/library/builds.tara?v=2021",
                "resources/library/landscape.tara?v=2021"
            ]
        },
        {
            "name": "map_berlin_winter.xml",
            "libs": [
                "resources/library/builds_winter.tara?v=2021",
                "resources/library/landscape_winter.tara?v=2021"
            ]
        },
        {
            "name": "map_bobruisk.xml",
            "libs": [
                "resources/library/builds.tara?v=2021",
                "resources/library/landscape.tara?v=2021"
            ]
        },
        {
            "name": "map_bobruisk_winter.xml",
            "libs": [
                "resources/library/builds_winter.tara?v=2021",
                "resources/library/landscape_winter.tara?v=2021"
            ]
        },
        {
            "name": "map_boombox.xml",
            "libs": [
                "resources/library/builds.tara?v=2021",
                "resources/library/landscape.tara?v=2021"
            ]
        },
        {
            "name": "map_boombox_v2.xml",
            "libs": [
                "resources/library/builds_v2.tara?v=2021",
                "resources/library/landscape_v2.tara?v=2021"
            ]
        },
        {
            "name": "map_boombox_winter.xml",
            "libs": [
                "resources/library/builds_winter.tara?v=2021",
                "resources/library/landscape_winter.tara?v=2021"
            ]
        },
        {
            "name": "map_brest.xml",
            "libs": [
                "resources/library/builds.tara?v=2021",
                "resources/library/landscape.tara?v=2021"
            ]
        },
        {
            "name": "map_brest_2.xml",
            "libs": [
                "resources/library/builds.tara?v=2021",
                "resources/library/landscape.tara?v=2021"
            ]
        },
        {
            "name": "map_brest_2_winter.xml",
            "libs": [
                "resources/library/builds_winter.tara?v=2021",
                "resources/library/landscape_winter.tara?v=2021"
            ]
        },
        {
            "name": "map_brest_winter.xml",
            "libs": [
                "resources/library/builds_winter.tara?v=2021",
                "resources/library/landscape_winter.tara?v=2021"
            ]
        },
        {
            "name": "map_bridges.xml",
            "libs": [
                "resources/library/builds.tara?v=2021",
                "resources/library/landscape.tara?v=2021"
            ]
        },
        {
            "name": "map_bridges_winter.xml",
            "libs": [
                "resources/library/builds_winter.tara?v=2021",
                "resources/library/landscape_winter.tara?v=2021"
            ]
        },
        {
            "name": "map_camp.xml",
            "libs": [
                "resources/library/buildings_v1.tara?v=2021",
                "resources/library/elements_v1.tara?v=2021",
                "resources/library/land_v1.tara?v=2021"
            ]
        },
        {
            "name": "map_camp_space.xml",
            "libs": [
                "resources/library/buildings_v1.tara?v=2021",
                "resources/library/elements_v1.tara?v=2021",
                "resources/library/land_v1.tara?v=2021"
            ]
        },
        {
            "name": "map_camp_winter.xml",
            "libs": [
                "resources/library/buildings_v1_winter.tara?v=2021",
                "resources/library/elements_v1_winter.tara?v=2021",
                "resources/library/land_v1_winter.tara?v=2021"
            ]
        },
        {
            "name": "map_canyon.xml",
            "libs": [
                "resources/library/buildings_v1.tara?v=2021",
                "resources/library/complex_build_v1.tara?v=2021",
                "resources/library/elements_v1.tara?v=2021",
                "resources/library/land_v1.tara?v=2021"
            ]
        },
        {
            "name": "map_canyon_winter.xml",
            "libs": [
                "resources/library/buildings_v1_winter.tara?v=2021",
                "resources/library/complex_build_v1_winter.tara?v=2021",
                "resources/library/elements_v1_winter.tara?v=2021",
                "resources/library/land_v1_winter.tara?v=2021"
            ]
        },
        {
            "name": "map_carrousel.xml",
            "libs": [
                "resources/library/elements_v1.tara?v=2021",
                "resources/library/land_v1.tara?v=2021"
            ]
        },
        {
            "name": "map_cave.xml",
            "libs": [
                "resources/library/Test.tara?v=2021",
                "resources/library/landscape.tara?v=2021"
            ]
        },
        {
            "name": "map_chernobyl.xml",
            "libs": [
                "resources/library/builds.tara?v=2021",
                "resources/library/landscape.tara?v=2021"
            ]
        },
        {
            "name": "map_chernobyl_winter.xml",
            "libs": [
                "resources/library/builds_winter.tara?v=2021",
                "resources/library/landscape_winter.tara?v=2021"
            ]
        },
        {
            "name": "map_combe.xml",
            "libs": [
                "resources/library/buildings_v1.tara?v=2021",
                "resources/library/elements_v1.tara?v=2021",
                "resources/library/land_v1.tara?v=2021"
            ]
        },
        {
            "name": "map_combe_winter.xml",
            "libs": [
                "resources/library/buildings_v1_winter.tara?v=2021",
                "resources/library/elements_v1_winter.tara?v=2021",
                "resources/library/land_v1_winter.tara?v=2021"
            ]
        },
        {
            "name": "map_courage.xml",
            "libs": [
                "resources/library/buildings_v1.tara?v=2021",
                "resources/library/elements_v1.tara?v=2021",
                "resources/library/land_v1.tara?v=2021"
            ]
        },
        {
            "name": "map_courage_winter.xml",
            "libs": [
                "resources/library/buildings_v1_winter.tara?v=2021",
                "resources/library/elements_v1_winter.tara?v=2021",
                "resources/library/land_v1_winter.tara?v=2021"
            ]
        },
        {
            "name": "map_crash.xml",
            "libs": [
                "resources/library/crash.tara?v=2021"
            ]
        },
        {
            "name": "map_cross.xml",
            "libs": [
                "resources/library/elements_v1.tara?v=2021",
                "resources/library/land_v1.tara?v=2021"
            ]
        },
        {
            "name": "map_crossroad.xml",
            "libs": [
                "resources/library/builds.tara?v=2021",
                "resources/library/landscape.tara?v=2021"
            ]
        },
        {
            "name": "map_crossroad_winter.xml",
            "libs": [
                "resources/library/builds_winter.tara?v=2021",
                "resources/library/landscape_winter.tara?v=2021"
            ]
        },
        {
            "name": "map_deathtrack.xml",
            "libs": [
                "resources/library/builds.tara?v=2021",
                "resources/library/landscape.tara?v=2021"
            ]
        },
        {
            "name": "map_deathtrack_winter.xml",
            "libs": [
                "resources/library/builds_winter.tara?v=2021",
                "resources/library/landscape_winter.tara?v=2021"
            ]
        },
        {
            "name": "map_deck9.xml",
            "libs": [
                "resources/library/buildings_v1.tara?v=2021",
                "resources/library/elements_v1.tara?v=2021",
                "resources/library/land_v1.tara?v=2021"
            ]
        },
        {
            "name": "map_deck9_winter.xml",
            "libs": [
                "resources/library/buildings_v1_winter.tara?v=2021",
                "resources/library/elements_v1_winter.tara?v=2021",
                "resources/library/land_v1_winter.tara?v=2021"
            ]
        },
        {
            "name": "map_desert.xml",
            "libs": [
                "resources/library/buildings_v1.tara?v=2021",
                "resources/library/elements_v1.tara?v=2021",
                "resources/library/land_v1.tara?v=2021"
            ]
        },
        {
            "name": "map_desert_winter.xml",
            "libs": [
                "resources/library/buildings_v1_winter.tara?v=2021",
                "resources/library/elements_v1_winter.tara?v=2021",
                "resources/library/land_v1_winter.tara?v=2021"
            ]
        },
        {
            "name": "map_duality.xml",
            "libs": [
                "resources/library/buildings_v1.tara?v=2021",
                "resources/library/complex_build_v1.tara?v=2021",
                "resources/library/elements_v1.tara?v=2021",
                "resources/library/land_v1.tara?v=2021"
            ]
        },
        {
            "name": "map_duality_winter.xml",
            "libs": [
                "resources/library/buildings_v1_winter.tara?v=2021",
                "resources/library/elements_v1_winter.tara?v=2021",
                "resources/library/land_v1_winter.tara?v=2021"
            ]
        },
        {
            "name": "map_duel.xml",
            "libs": [
                "resources/library/builds.tara?v=2021",
                "resources/library/landscape.tara?v=2021"
            ]
        },
        {
            "name": "map_duel_winter.xml",
            "libs": [
                "resources/library/builds_winter.tara?v=2021",
                "resources/library/landscape_winter.tara?v=2021"
            ]
        },
        {
            "name": "map_dusseldorf.xml",
            "libs": [
                "resources/library/builds.tara?v=2021",
                "resources/library/landscape.tara?v=2021"
            ]
        },
        {
            "name": "map_dusseldorf_v2.xml",
            "libs": [
                "resources/library/builds_v2.tara?v=2021",
                "resources/library/landscape_v2.tara?v=2021"
            ]
        },
        {
            "name": "map_dusseldorf_winter.xml",
            "libs": [
                "resources/library/builds_winter.tara?v=2021",
                "resources/library/landscape_winter.tara?v=2021"
            ]
        },
        {
            "name": "map_esplanade.xml",
            "libs": [
                "resources/library/buildings_v1.tara?v=2021",
                "resources/library/complex_build_v1.tara?v=2021",
                "resources/library/elements_v1.tara?v=2021",
                "resources/library/land_v1.tara?v=2021"
            ]
        },
        {
            "name": "map_farm.xml",
            "libs": [
                "resources/library/buildings_v1.tara?v=2021",
                "resources/library/elements_v1.tara?v=2021",
                "resources/library/land_v1.tara?v=2021"
            ]
        },
        {
            "name": "map_farm_winter.xml",
            "libs": [
                "resources/library/buildings_v1_winter.tara?v=2021",
                "resources/library/elements_v1_winter.tara?v=2021",
                "resources/library/land_v1_winter.tara?v=2021"
            ]
        },
        {
            "name": "map_flying_test.xml",
            "libs": [
                "resources/library/elements_v1.tara?v=2021",
                "resources/library/land_v1.tara?v=2021"
            ]
        },
        {
            "name": "map_forest.xml",
            "libs": [
                "resources/library/builds.tara?v=2021",
                "resources/library/landscape.tara?v=2021"
            ]
        },
        {
            "name": "map_forest_winter.xml",
            "libs": [
                "resources/library/builds_winter.tara?v=2021",
                "resources/library/landscape_winter.tara?v=2021"
            ]
        },
        {
            "name": "map_fortknox.xml",
            "libs": [
                "resources/library/builds.tara?v=2021",
                "resources/library/castle.tara?v=2021",
                "resources/library/landscape.tara?v=2021"
            ]
        },
        {
            "name": "map_fortknoxII.xml",
            "libs": [
                "resources/library/builds.tara?v=2021",
                "resources/library/castle.tara?v=2021",
                "resources/library/landscape.tara?v=2021"
            ]
        },
        {
            "name": "map_fortknox_II_winter.xml",
            "libs": [
                "resources/library/builds_winter.tara?v=2021",
                "resources/library/castle_winter.tara?v=2021",
                "resources/library/landscape_winter.tara?v=2021"
            ]
        },
        {
            "name": "map_fortknox_III.xml",
            "libs": [
                "resources/library/builds.tara?v=2021",
                "resources/library/castle.tara?v=2021",
                "resources/library/landscape.tara?v=2021"
            ]
        },
        {
            "name": "map_fortknox_III_winter.xml",
            "libs": [
                "resources/library/builds_winter.tara?v=2021",
                "resources/library/castle_winter.tara?v=2021",
                "resources/library/landscape_winter.tara?v=2021"
            ]
        },
        {
            "name": "map_fortknox_winter.xml",
            "libs": [
                "resources/library/builds_winter.tara?v=2021",
                "resources/library/castle_winter.tara?v=2021",
                "resources/library/landscape_winter.tara?v=2021"
            ]
        },
        {
            "name": "map_gallery.xml",
            "libs": [
                "resources/library/3rdLibrary/Com_Build_Old.tara?v=2021",
                "resources/library/3rdLibrary/Defense_Old.tara?v=2021",
                "resources/library/3rdLibrary/Fence_Old.tara?v=2021",
                "resources/library/3rdLibrary/Passage_Old.tara?v=2021",
                "resources/library/3rdLibrary/Terrain_Old.tara?v=2021"
            ]
        },
        {
            "name": "map_garder.xml",
            "libs": [
                "resources/library/buildings_v1.tara?v=2021",
                "resources/library/elements_v1.tara?v=2021",
                "resources/library/land_v1.tara?v=2021"
            ]
        },
        {
            "name": "map_garder_winter.xml",
            "libs": [
                "resources/library/buildings_v1_winter.tara?v=2021",
                "resources/library/elements_v1_winter.tara?v=2021",
                "resources/library/land_v1_winter.tara?v=2021"
            ]
        },
        {
            "name": "map_gladiator.xml",
            "libs": [
                "resources/library/builds.tara?v=2021",
                "resources/library/landscape.tara?v=2021"
            ]
        },
        {
            "name": "map_gravity.xml",
            "libs": [
                "resources/library/buildings_v1.tara?v=2021",
                "resources/library/elements_v1.tara?v=2021",
                "resources/library/land_v1.tara?v=2021"
            ]
        },
        {
            "name": "map_gravity_space.xml",
            "libs": [
                "resources/library/buildings_v1.tara?v=2021",
                "resources/library/elements_v1.tara?v=2021",
                "resources/library/land_v1.tara?v=2021"
            ]
        },
        {
            "name": "map_gravity_winter.xml",
            "libs": [
                "resources/library/buildings_v1_winter.tara?v=2021",
                "resources/library/elements_v1_winter.tara?v=2021",
                "resources/library/land_v1_winter.tara?v=2021"
            ]
        },
        {
            "name": "map_gubakha.xml",
            "libs": [
                "resources/library/builds.tara?v=2021",
                "resources/library/landscape.tara?v=2021"
            ]
        },
        {
            "name": "map_gubakha_winter.xml",
            "libs": [
                "resources/library/builds_winter.tara?v=2021",
                "resources/library/landscape_winter.tara?v=2021"
            ]
        },
        {
            "name": "map_halloween.xml",
            "libs": [
                "resources/library/specialprops/hl.tara?v=2021",
                "resources/library/builds.tara?v=2021",
                "resources/library/castle.tara?v=2021",
                "resources/library/landscape.tara?v=2021"
            ]
        },
        {
            "name": "map_happy_new_year.xml",
            "libs": [
                "resources/library/specialprops/newyear.tara?v=2021",
                "resources/library/builds_winter.tara?v=2021",
                "resources/library/landscape_winter.tara?v=2021"
            ]
        },
        {
            "name": "map_happy_new_year2012.xml",
            "libs": [
                "resources/library/specialprops/newyear.tara?v=2021",
                "resources/library/builds_winter.tara?v=2021",
                "resources/library/landscape_winter.tara?v=2021"
            ]
        },
        {
            "name": "map_happy_new_year2013.xml",
            "libs": [
                "resources/library/specialprops/newyear.tara?v=2021",
                "resources/library/buildings_v1_winter.tara?v=2021",
                "resources/library/elements_v1_winter.tara?v=2021",
                "resources/library/land_v1_winter.tara?v=2021"
            ]
        },
        {
            "name": "map_hangars.xml",
            "libs": [
                "resources/library/buildings_v1.tara?v=2021",
                "resources/library/elements_v1.tara?v=2021",
                "resources/library/land_v1.tara?v=2021"
            ]
        },
        {
            "name": "map_hes.xml",
            "libs": [
                "resources/library/buildings_v1.tara?v=2021",
                "resources/library/elements_v1.tara?v=2021",
                "resources/library/land_v1.tara?v=2021"
            ]
        },
        {
            "name": "map_highland.xml",
            "libs": [
                "resources/library/buildings_v1.tara?v=2021",
                "resources/library/complex_build_v1.tara?v=2021",
                "resources/library/elements_v1.tara?v=2021",
                "resources/library/land_v1.tara?v=2021"
            ]
        },
        {
            "name": "map_highland_II.xml",
            "libs": [
                "resources/library/buildings_v1.tara?v=2021",
                "resources/library/complex_build_v1.tara?v=2021",
                "resources/library/elements_v1.tara?v=2021",
                "resources/library/land_v1.tara?v=2021"
            ]
        },
        {
            "name": "map_highland_II_winter.xml",
            "libs": [
                "resources/library/buildings_v1_winter.tara?v=2021",
                "resources/library/complex_build_v1_winter.tara?v=2021",
                "resources/library/elements_v1_winter.tara?v=2021",
                "resources/library/land_v1_winter.tara?v=2021"
            ]
        },
        {
            "name": "map_highland_winter.xml",
            "libs": [
                "resources/library/buildings_v1_winter.tara?v=2021",
                "resources/library/complex_build_v1_winter.tara?v=2021",
                "resources/library/elements_v1_winter.tara?v=2021",
                "resources/library/land_v1_winter.tara?v=2021"
            ]
        },
        {
            "name": "map_highways.xml",
            "libs": [
                "resources/library/builds.tara?v=2021",
                "resources/library/landscape.tara?v=2021"
            ]
        },
        {
            "name": "map_highways_winter.xml",
            "libs": [
                "resources/library/builds_winter.tara?v=2021",
                "resources/library/landscape_winter.tara?v=2021"
            ]
        },
        {
            "name": "map_hill.xml",
            "libs": [
                "resources/library/elements_v1.tara?v=2021",
                "resources/library/land_v1.tara?v=2021"
            ]
        },
        {
            "name": "map_industrial_zone.xml",
            "libs": [
                "resources/library/buildings_v1.tara?v=2021",
                "resources/library/complex_build_v1.tara?v=2021",
                "resources/library/elements_v1.tara?v=2021",
                "resources/library/land_v1.tara?v=2021"
            ]
        },
        {
            "name": "map_industrial_zone_winter.xml",
            "libs": [
                "resources/library/buildings_v1_winter.tara?v=2021",
                "resources/library/complex_build_v1_winter.tara?v=2021",
                "resources/library/elements_v1_winter.tara?v=2021",
                "resources/library/land_v1_winter.tara?v=2021"
            ]
        },
        {
            "name": "map_iran.xml",
            "libs": [
                "resources/library/iran/yonje.tara?v=2021",
                "resources/library/iran/kahgel.tara?v=2021",
                "resources/library/iran/zamin.tara?v=2021",
                "resources/library/iran/kariz.tara?v=2021"
            ]
        },
        {
            "name": "map_iran_winter.xml",
            "libs": [
                "resources/library/iran/yonje_Winter.tara?v=2021",
                "resources/library/iran/kahgel_Winter.tara?v=2021",
                "resources/library/iran/zamin_Winter.tara?v=2021",
                "resources/library/iran/kariz_Winter.tara?v=2021"
            ]
        },
        {
            "name": "map_island.xml",
            "libs": [
                "resources/library/buildings_v1.tara?v=2021",
                "resources/library/land_v1.tara?v=2021"
            ]
        },
        {
            "name": "map_island_winter.xml",
            "libs": [
                "resources/library/buildings_v1_winter.tara?v=2021",
                "resources/library/land_v1_winter.tara?v=2021"
            ]
        },
        {
            "name": "map_kingdom.xml",
            "libs": [
                "resources/library/builds.tara?v=2021",
                "resources/library/castle.tara?v=2021",
                "resources/library/landscape.tara?v=2021"
            ]
        },
        {
            "name": "map_kolhoz.xml",
            "libs": [
                "resources/library/builds.tara?v=2021",
                "resources/library/landscape.tara?v=2021"
            ]
        },
        {
            "name": "map_kolhoz_winter.xml",
            "libs": [
                "resources/library/builds_winter.tara?v=2021",
                "resources/library/landscape_winter.tara?v=2021"
            ]
        },
        {
            "name": "map_kungur.xml",
            "libs": [
                "resources/library/builds.tara?v=2021",
                "resources/library/landscape.tara?v=2021"
            ]
        },
        {
            "name": "map_kungur_v2.xml",
            "libs": [
                "resources/library/builds_v2.tara?v=2021",
                "resources/library/landscape_v2.tara?v=2021"
            ]
        },
        {
            "name": "map_kungur_winter.xml",
            "libs": [
                "resources/library/builds_winter.tara?v=2021",
                "resources/library/landscape_winter.tara?v=2021"
            ]
        },
        {
            "name": "map_kungur_remake.xml",
            "libs": [
                "resources/library/megaLand.tara?v=2021",
                "resources/library/MegaProps.tara?v=2021",
                "resources/library/rocks.tara?v=2021"
            ]
        },
        {
            "name": "map_labyrinth.xml",
            "libs": [
                "resources/library/builds.tara?v=2021",
                "resources/library/landscape.tara?v=2021"
            ]
        },
        {
            "name": "map_losttemple.xml",
            "libs": [
                "resources/library/builds.tara?v=2021",
                "resources/library/landscape.tara?v=2021"
            ]
        },
        {
            "name": "map_losttemple_winter.xml",
            "libs": [
                "resources/library/builds_winter.tara?v=2021",
                "resources/library/landscape_winter.tara?v=2021"
            ]
        },
        {
            "name": "map_madness.xml",
            "libs": [
                "resources/library/elements_v1.tara?v=2021"
            ]
        },
        {
            "name": "map_madness_space.xml",
            "libs": [
                "resources/library/elements_v1.tara?v=2021"
            ]
        },
        {
            "name": "map_magadan.xml",
            "libs": [
                "resources/library/builds.tara?v=2021",
                "resources/library/landscape.tara?v=2021"
            ]
        },
        {
            "name": "map_magadan_winter.xml",
            "libs": [
                "resources/library/builds_winter.tara?v=2021",
                "resources/library/landscape_winter.tara?v=2021"
            ]
        },
        {
            "name": "map_magistral.xml",
            "libs": [
                "resources/library/builds.tara?v=2021",
                "resources/library/landscape.tara?v=2021"
            ]
        },
        {
            "name": "map_magistral_winter.xml",
            "libs": [
                "resources/library/builds_winter.tara?v=2021",
                "resources/library/landscape_winter.tara?v=2021"
            ]
        },
        {
            "name": "map_massacre.xml",
            "libs": [
                "resources/library/buildings_v1.tara?v=2021",
                "resources/library/elements_v1.tara?v=2021",
                "resources/library/land_v1.tara?v=2021"
            ]
        },
        {
            "name": "map_massacre_winter.xml",
            "libs": [
                "resources/library/buildings_v1_winter.tara?v=2021",
                "resources/library/elements_v1_winter.tara?v=2021",
                "resources/library/land_v1_winter.tara?v=2021"
            ]
        },
        {
            "name": "map_megaprops1.xml",
            "libs": [
                "resources/library/megaLand.tara?v=2021",
                "resources/library/MegaProps.tara?v=2021",
                "resources/library/rocks.tara?v=2021"
            ]
        },
        {
            "name": "map_mini_brest.xml",
            "libs": [
                "resources/library/builds.tara?v=2021",
                "resources/library/landscape.tara?v=2021"
            ]
        },
        {
            "name": "map_molotov.xml",
            "libs": [
                "resources/library/builds.tara?v=2021",
                "resources/library/landscape.tara?v=2021"
            ]
        },
        {
            "name": "map_molotov_winter.xml",
            "libs": [
                "resources/library/builds_winter.tara?v=2021",
                "resources/library/landscape_winter.tara?v=2021"
            ]
        },
        {
            "name": "map_montecarlo.xml",
            "libs": [
                "resources/library/builds.tara?v=2021",
                "resources/library/landscape.tara?v=2021"
            ]
        },
        {
            "name": "map_montecarlo_space.xml",
            "libs": [
                "resources/library/builds.tara?v=2021",
                "resources/library/landscape.tara?v=2021"
            ]
        },
        {
            "name": "map_montecarlo_winter.xml",
            "libs": [
                "resources/library/builds_winter.tara?v=2021",
                "resources/library/landscape_winter.tara?v=2021"
            ]
        },
        {
            "name": "map_new_format.xml",
            "libs": [
                "resources/library/builds.tara?v=2021",
                "resources/library/landscape.tara?v=2021"
            ]
        },
        {
            "name": "map_new_sandbox.xml",
            "libs": [
                "resources/library/buildings_v1.tara?v=2021",
                "resources/library/complex_build_v1.tara?v=2021",
                "resources/library/elements_v1.tara?v=2021",
                "resources/library/land_v1.tara?v=2021"
            ]
        },
        {
            "name": "map_new_tribute.xml",
            "libs": [
                "resources/library/buildings_v1.tara?v=2021",
                "resources/library/elements_v1.tara?v=2021",
                "resources/library/land_v1.tara?v=2021"
            ]
        },
        {
            "name": "map_newprops.xml",
            "libs": [
                "resources/library/megaLand.tara?v=2021",
                "resources/library/MegaProps.tara?v=2021",
                "resources/library/rocks.tara?v=2021"
            ]
        },
        {
            "name": "map_newprops_2.xml",
            "libs": [
                "resources/library/buildings_v1.tara?v=2021",
                "resources/library/complex_build_v1.tara?v=2021",
                "resources/library/elements_v1.tara?v=2021",
                "resources/library/land_v1.tara?v=2021"
            ]
        },
        {
            "name": "map_noise.xml",
            "libs": [
                "resources/library/buildings_v1.tara?v=2021",
                "resources/library/elements_v1.tara?v=2021",
                "resources/library/land_v1.tara?v=2021"
            ]
        },
        {
            "name": "map_noise_winter.xml",
            "libs": [
                "resources/library/buildings_v1_winter.tara?v=2021",
                "resources/library/elements_v1_winter.tara?v=2021",
                "resources/library/land_v1_winter.tara?v=2021"
            ]
        },
        {
            "name": "map_novel.xml",
            "libs": [
                "resources/library/buildings_v1.tara?v=2021",
                "resources/library/complex_build_v1.tara?v=2021",
                "resources/library/elements_v1.tara?v=2021",
                "resources/library/land_v1.tara?v=2021"
            ]
        },
        {
            "name": "map_novel_winter.xml",
            "libs": [
                "resources/library/buildings_v1_winter.tara?v=2021",
                "resources/library/complex_build_v1_winter.tara?v=2021",
                "resources/library/elements_v1_winter.tara?v=2021",
                "resources/library/land_v1_winter.tara?v=2021"
            ]
        },
        {
            "name": "map_opposition.xml",
            "libs": [
                "resources/library/buildings_v1.tara?v=2021",
                "resources/library/elements_v1.tara?v=2021",
                "resources/library/land_v1.tara?v=2021"
            ]
        },
        {
            "name": "map_opposition_winter.xml",
            "libs": [
                "resources/library/buildings_v1_winter.tara?v=2021",
                "resources/library/elements_v1_winter.tara?v=2021",
                "resources/library/land_v1_winter.tara?v=2021"
            ]
        },
        {
            "name": "map_osa.xml",
            "libs": [
                "resources/library/builds.tara?v=2021",
                "resources/library/landscape.tara?v=2021"
            ]
        },
        {
            "name": "map_osa_winter.xml",
            "libs": [
                "resources/library/builds_winter.tara?v=2021",
                "resources/library/landscape_winter.tara?v=2021"
            ]
        },
        {
            "name": "map_parma.xml",
            "libs": [
                "resources/library/builds.tara?v=2021",
                "resources/library/landscape.tara?v=2021"
            ]
        },
        {
            "name": "map_parma_winter.xml",
            "libs": [
                "resources/library/builds_winter.tara?v=2021",
                "resources/library/landscape_winter.tara?v=2021"
            ]
        },
        {
            "name": "map_pass.xml",
            "libs": [
                "resources/library/buildings_v1.tara?v=2021",
                "resources/library/elements_v1.tara?v=2021",
                "resources/library/land_v1.tara?v=2021"
            ]
        },
        {
            "name": "map_pass_winter.xml",
            "libs": [
                "resources/library/buildings_v1.tara?v=2021",
                "resources/library/elements_v1.tara?v=2021",
                "resources/library/land_v1.tara?v=2021"
            ]
        },
        {
            "name": "map_persia.xml",
            "libs": [
                "resources/library/iran/yonje.tara?v=2021",
                "resources/library/iran/kahgel.tara?v=2021",
                "resources/library/iran/zamin.tara?v=2021",
                "resources/library/iran/kariz.tara?v=2021"
            ]
        },
        {
            "name": "map_pingpong.xml",
            "libs": [
                "resources/library/buildings_v1.tara?v=2021",
                "resources/library/elements_v1.tara?v=2021",
                "resources/library/land_v1.tara?v=2021"
            ]
        },
        {
            "name": "map_pingpong_winter.xml",
            "libs": [
                "resources/library/buildings_v1_winter.tara?v=2021",
                "resources/library/elements_v1_winter.tara?v=2021",
                "resources/library/land_v1_winter.tara?v=2021"
            ]
        },
        {
            "name": "map_podium.xml",
            "libs": [
                "resources/library/buildings_v1.tara?v=2021",
                "resources/library/elements_v1.tara?v=2021",
                "resources/library/land_v1.tara?v=2021"
            ]
        },
        {
            "name": "map_polygon.xml",
            "libs": [
                "resources/library/buildings_v1.tara?v=2021",
                "resources/library/complex_build_v1.tara?v=2021",
                "resources/library/elements_v1.tara?v=2021",
                "resources/library/land_v1.tara?v=2021"
            ]
        },
        {
            "name": "map_polygon_winter.xml",
            "libs": [
                "resources/library/buildings_v1_winter.tara?v=2021",
                "resources/library/complex_build_v1_winter.tara?v=2021",
                "resources/library/elements_v1_winter.tara?v=2021",
                "resources/library/land_v1_winter.tara?v=2021"
            ]
        },
        {
            "name": "map_polygon_ctf.xml",
            "libs": [
                "resources/library/buildings_v1.tara?v=2021",
                "resources/library/complex_build_v1.tara?v=2021",
                "resources/library/elements_v1.tara?v=2021",
                "resources/library/land_v1.tara?v=2021"
            ]
        },
        {
            "name": "map_polygon_ctf_winter.xml",
            "libs": [
                "resources/library/buildings_v1_winter.tara?v=2021",
                "resources/library/complex_build_v1_winter.tara?v=2021",
                "resources/library/elements_v1_winter.tara?v=2021",
                "resources/library/land_v1_winter.tara?v=2021"
            ]
        },
        {
            "name": "map_position.xml",
            "libs": [
                "resources/library/buildings_v1.tara?v=2021",
                "resources/library/elements_v1.tara?v=2021",
                "resources/library/land_v1.tara?v=2021"
            ]
        },
        {
            "name": "map_raven.xml",
            "libs": [
                "resources/library/megaLand.tara?v=2021",
                "resources/library/MegaProps.tara?v=2021",
                "resources/library/rocks.tara?v=2021"
            ]
        },
        {
            "name": "map_redalert.xml",
            "libs": [
                "resources/library/builds.tara?v=2021",
                "resources/library/landscape.tara?v=2021"
            ]
        },
        {
            "name": "map_redalert_winter.xml",
            "libs": [
                "resources/library/builds_winter.tara?v=2021",
                "resources/library/landscape_winter.tara?v=2021"
            ]
        },
        {
            "name": "map_rift.xml",
            "libs": [
                "resources/library/buildings_v1.tara?v=2021",
                "resources/library/complex_build_v1.tara?v=2021",
                "resources/library/elements_v1.tara?v=2021",
                "resources/library/land_v1.tara?v=2021"
            ]
        },
        {
            "name": "map_ruins.xml",
            "libs": [
                "resources/library/builds.tara?v=2021",
                "resources/library/landscape.tara?v=2021"
            ]
        },
        {
            "name": "map_sandal.xml",
            "libs": [
                "resources/library/builds.tara?v=2021",
                "resources/library/landscape.tara?v=2021"
            ]
        },
        {
            "name": "map_sandal_v2.xml",
            "libs": [
                "resources/library/builds_v2.tara?v=2021",
                "resources/library/landscape_v2.tara?v=2021"
            ]
        },
        {
            "name": "map_sandal_winter.xml",
            "libs": [
                "resources/library/builds_winter.tara?v=2021",
                "resources/library/landscape_winter.tara?v=2021"
            ]
        },
        {
            "name": "map_sandbox.xml",
            "libs": [
                "resources/library/builds.tara?v=2021",
                "resources/library/landscape.tara?v=2021"
            ]
        },
        {
            "name": "map_sandbox_noob.xml",
            "libs": [
                "resources/library/Noob.tara?v=2021"
            ]
        },
        {
            "name": "map_sandbox_v2.xml",
            "libs": [
                "resources/library/builds_v2.tara?v=2021",
                "resources/library/landscape_v2.tara?v=2021"
            ]
        },
        {
            "name": "map_sandbox_winter.xml",
            "libs": [
                "resources/library/builds_winter.tara?v=2021",
                "resources/library/landscape_winter.tara?v=2021"
            ]
        },
        {
            "name": "map_scope.xml",
            "libs": [
                "resources/library/buildings_v1.tara?v=2021",
                "resources/library/elements_v1.tara?v=2021",
                "resources/library/land_v1.tara?v=2021"
            ]
        },
        {
            "name": "map_scope_winter.xml",
            "libs": [
                "resources/library/buildings_v1_winter.tara?v=2021",
                "resources/library/elements_v1_winter.tara?v=2021",
                "resources/library/land_v1_winter.tara?v=2021"
            ]
        },
        {
            "name": "map_seaport.xml",
            "libs": [
                "resources/library/buildings_v1.tara?v=2021",
                "resources/library/elements_v1.tara?v=2021",
                "resources/library/land_v1.tara?v=2021"
            ]
        },
        {
            "name": "map_serpuhov.xml",
            "libs": [
                "resources/library/builds.tara?v=2021",
                "resources/library/landscape.tara?v=2021"
            ]
        },
        {
            "name": "map_serpuhov_winter.xml",
            "libs": [
                "resources/library/builds_winter.tara?v=2021",
                "resources/library/landscape_winter.tara?v=2021"
            ]
        },
        {
            "name": "map_shortbridge.xml",
            "libs": [
                "resources/library/builds.tara?v=2021",
                "resources/library/landscape.tara?v=2021"
            ]
        },
        {
            "name": "map_shortbridge_winter.xml",
            "libs": [
                "resources/library/builds_winter.tara?v=2021",
                "resources/library/landscape_winter.tara?v=2021"
            ]
        },
        {
            "name": "map_siege.xml",
            "libs": [
                "resources/library/builds.tara?v=2021",
                "resources/library/landscape.tara?v=2021"
            ]
        },
        {
            "name": "map_siege_winter.xml",
            "libs": [
                "resources/library/builds_winter.tara?v=2021",
                "resources/library/landscape_winter.tara?v=2021"
            ]
        },
        {
            "name": "map_silence.xml",
            "libs": [
                "resources/library/buildings_v1.tara?v=2021",
                "resources/library/complex_build_v1.tara?v=2021",
                "resources/library/elements_v1.tara?v=2021",
                "resources/library/land_v1.tara?v=2021"
            ]
        },
        {
            "name": "map_silence_II.xml",
            "libs": [
                "resources/library/buildings_v1.tara?v=2021",
                "resources/library/complex_build_v1.tara?v=2021",
                "resources/library/elements_v1.tara?v=2021",
                "resources/library/land_v1.tara?v=2021"
            ]
        },
        {
            "name": "map_silence_II_winter.xml",
            "libs": [
                "resources/library/buildings_v1_winter.tara?v=2021",
                "resources/library/complex_build_v1_winter.tara?v=2021",
                "resources/library/elements_v1_winter.tara?v=2021",
                "resources/library/land_v1_winter.tara?v=2021"
            ]
        },
        {
            "name": "map_silence_winter.xml",
            "libs": [
                "resources/library/buildings_v1_winter.tara?v=2021",
                "resources/library/complex_build_v1_winter.tara?v=2021",
                "resources/library/elements_v1_winter.tara?v=2021",
                "resources/library/land_v1_winter.tara?v=2021"
            ]
        },
        {
            "name": "map_skylark.xml",
            "libs": [
                "resources/library/builds.tara?v=2021",
                "resources/library/landscape.tara?v=2021"
            ]
        },
        {
            "name": "map_skylark_winter.xml",
            "libs": [
                "resources/library/builds_winter.tara?v=2021",
                "resources/library/landscape_winter.tara?v=2021"
            ]
        },
        {
            "name": "map_solikamsk.xml",
            "libs": [
                "resources/library/builds.tara?v=2021",
                "resources/library/landscape.tara?v=2021"
            ]
        },
        {
            "name": "map_solikamsk_winter.xml",
            "libs": [
                "resources/library/builds_winter.tara?v=2021",
                "resources/library/landscape_winter.tara?v=2021"
            ]
        },
        {
            "name": "map_stadium.xml",
            "libs": [
                "resources/library/buildings_v1.tara?v=2021",
                "resources/library/elements_v1.tara?v=2021",
                "resources/library/land_v1.tara?v=2021"
            ]
        },
        {
            "name": "map_stadium_space.xml",
            "libs": [
                "resources/library/buildings_v1.tara?v=2021",
                "resources/library/elements_v1.tara?v=2021",
                "resources/library/land_v1.tara?v=2021"
            ]
        },
        {
            "name": "map_stadium_winter.xml",
            "libs": [
                "resources/library/buildings_v1_winter.tara?v=2021",
                "resources/library/elements_v1_winter.tara?v=2021",
                "resources/library/land_v1_winter.tara?v=2021"
            ]
        },
        {
            "name": "map_station.xml",
            "libs": [
                "resources/library/buildings_v1.tara?v=2021",
                "resources/library/elements_v1.tara?v=2021",
                "resources/library/land_v1.tara?v=2021"
            ]
        },
        {
            "name": "map_station_winter.xml",
            "libs": [
                "resources/library/buildings_v1_winter.tara?v=2021",
                "resources/library/elements_v1_winter.tara?v=2021",
                "resources/library/land_v1_winter.tara?v=2021"
            ]
        },
        {
            "name": "map_subway.xml",
            "libs": [
                "resources/library/buildings_v1.tara?v=2021",
                "resources/library/elements_v1.tara?v=2021",
                "resources/library/land_v1.tara?v=2021"
            ]
        },
        {
            "name": "map_subway_winter.xml",
            "libs": [
                "resources/library/buildings_v1_winter.tara?v=2021",
                "resources/library/elements_v1_winter.tara?v=2021",
                "resources/library/land_v1_winter.tara?v=2021"
            ]
        },
        {
            "name": "map_test.xml",
            "libs": [
                "resources/library/Test.tara?v=2021",
                "resources/library/landscape.tara?v=2021"
            ]
        },
        {
            "name": "map_test_new.xml",
            "libs": [
                "resources/library/Test.tara?v=2021"
            ]
        },
        {
            "name": "map_testing_ground_1.xml",
            "libs": [
                "resources/library/elements_v1.tara?v=2021",
                "resources/library/builds.tara?v=2021",
                "resources/library/landscape.tara?v=2021"
            ]
        },
        {
            "name": "map_testing_ground_2.xml",
            "libs": [
                "resources/library/builds.tara?v=2021",
                "resources/library/landscape.tara?v=2021"
            ]
        },
        {
            "name": "map_testing_ground_3.xml",
            "libs": [
                "resources/library/builds.tara?v=2021",
                "resources/library/landscape.tara?v=2021"
            ]
        },
        {
            "name": "map_testing_ground_4.xml",
            "libs": [
                "resources/library/builds.tara?v=2021",
                "resources/library/landscape.tara?v=2021"
            ]
        },
        {
            "name": "map_trains.xml",
            "libs": [
                "resources/library/builds.tara?v=2021",
                "resources/library/landscape.tara?v=2021"
            ]
        },
        {
            "name": "map_trains_winter.xml",
            "libs": [
                "resources/library/builds_winter.tara?v=2021",
                "resources/library/landscape_winter.tara?v=2021"
            ]
        },
        {
            "name": "map_tribute.xml",
            "libs": [
                "resources/library/builds.tara?v=2021",
                "resources/library/landscape.tara?v=2021"
            ]
        },
        {
            "name": "map_tribute_v2.xml",
            "libs": [
                "resources/library/builds_v2.tara?v=2021",
                "resources/library/landscape_v2.tara?v=2021"
            ]
        },
        {
            "name": "map_tribute_winter.xml",
            "libs": [
                "resources/library/builds_winter.tara?v=2021",
                "resources/library/landscape_winter.tara?v=2021"
            ]
        },
        {
            "name": "map_valley.xml",
            "libs": [
                "resources/library/elements_v1.tara?v=2021",
                "resources/library/land_v1.tara?v=2021"
            ]
        },
        {
            "name": "map_valley_winter.xml",
            "libs": [
                "resources/library/elements_v1_winter.tara?v=2021",
                "resources/library/land_v1_winter.tara?v=2021"
            ]
        },
        {
            "name": "map_wave.xml",
            "libs": [
                "resources/library/elements_v1.tara?v=2021",
                "resources/library/land_v1.tara?v=2021"
            ]
        },
        {
            "name": "map_wave_winter.xml",
            "libs": [
                "resources/library/elements_v1_winter.tara?v=2021",
                "resources/library/land_v1_winter.tara?v=2021"
            ]
        },
        {
            "name": "map_wolfenstein.xml",
            "libs": [
                "resources/library/builds.tara?v=2021",
                "resources/library/castle.tara?v=2021",
                "resources/library/landscape.tara?v=2021"
            ]
        },
        {
            "name": "map_wolfenstein_winter.xml",
            "libs": [
                "resources/library/builds_winter.tara?v=2021",
                "resources/library/castle_winter.tara?v=2021",
                "resources/library/landscape_winter.tara?v=2021"
            ]
        },
        {
            "name": "map_zone.xml",
            "libs": [
                "resources/library/buildings_v1.tara?v=2021",
                "resources/library/elements_v1.tara?v=2021",
                "resources/library/land_v1.tara?v=2021"
            ]
        },
        {
            "name": "map_zone_winter.xml",
            "libs": [
                "resources/library/buildings_v1_winter.tara?v=2021",
                "resources/library/elements_v1_winter.tara?v=2021",
                "resources/library/land_v1_winter.tara?v=2021"
            ]
        }
    ]
}
