<library name="kariz">	
	<prop-group name="kariz">
		<prop name="kariz">
			<mesh file="kariz.3DS">	
				<texture name="roshan" diffuse-map="kariz.jpg" />	
				<texture name="tarik" diffuse-map="kariz_1.jpg" />
			</mesh>
		</prop>
		<prop name="saraziri">
			<mesh file="saraziri.3DS">
				<texture name="roshan" diffuse-map="kariz.jpg" />	
				<texture name="tarik" diffuse-map="kariz_1.jpg" />
			</mesh>
		</prop>
		<prop name="cheragh">
			<mesh file="cheragh.3DS"/>	
		</prop>
		<prop name="turn">
			<mesh file="turn.3DS"/>	
		</prop>
		<prop name="turn3">
			<mesh file="turn3.3DS"/>	
		</prop>
		<prop name="abrah">
			<mesh file="abrah.3DS"/>	
		</prop>
		<prop name="charchub">
			<mesh file="charchub.3DS"/>	
		</prop>
		<prop name="dar">
			<mesh file="dar.3DS">
				<texture name="North" diffuse-map="darN.jpg" />	
				<texture name="West" diffuse-map="darW.jpg" />
				<texture name="South" diffuse-map="darS.jpg" />	
				<texture name="East" diffuse-map="darE.jpg" />				
			</mesh>
		</prop>
		<prop name="dargah">
			<mesh file="dargah.3DS">
					<texture name="North" diffuse-map="dargahN.jpg" />	
					<texture name="West" diffuse-map="dargahW.jpg" />	
					<texture name="South" diffuse-map="dargahS.jpg" />	
					<texture name="East" diffuse-map="dargahE.jpg" />						
			</mesh>
		</prop>
	</prop-group>
</library>